loan_amount,utilisation,credit_score_months
11880,0.3469,43
11921,0.1531,30
17491,0.3175,38
19365,0.0460,46
10902,0.2597,39
34502,0.5234,40
17537,0.2833,43
27359,0.0500,36
21839,0.1678,44
18911,0.3716,35
22885,0.1331,48
26868,0.2354,37
22369,0.1222,31
18635,0.2889,33
18298,0.1836,51
19185,0.1142,44
22032,0.4224,58
18568,0.1383,52
21604,0.0645,51
14947,0.0326,36
20144,0.3186,47
25259,0.4783,39
28909,0.6336,42
9954,0.3142,41
17125,0.2872,23
13461,0.5686,50
22265,0.2881,32
24254,0.3021,46
9113,0.1932,46
14409,0.3198,41
17972,0.2365,41
24093,0.2659,33
19688,0.2936,48
14219,0.0655,37
15047,0.1689,21
19157,0.3617,48
23453,0.4151,39
20683,0.1570,41
18982,0.2781,42
22449,0.3495,21
23640,0.4320,41
16030,0.3320,31
19776,0.0870,38
13362,0.4650,47
16380,0.4088,25
31659,0.3129,37
20855,0.0726,34
16803,0.2792,40
10025,0.5592,39
15983,0.2180,53
16148,0.5706,47
23975,0.2744,38
17064,0.1966,39
17331,0.1253,37
17318,0.0654,49
13679,0.1823,41
16301,0.3109,33
22284,0.1458,47
14331,0.3496,46
14040,0.3994,32
21567,0.2383,36
20039,0.1900,37
20583,0.1741,33
20427,0.2518,39
18715,0.2569,43
19350,0.6635,45
9735,0.1774,43
17342,0.4621,39
17659,0.1265,32
25044,0.3195,31
13199,0.1161,34
20015,0.4750,33
18487,0.1613,32
19350,0.2891,59
13139,0.3213,38
17789,0.0666,48
17939,0.2494,57
29075,0.1713,45
16670,0.2951,38
14399,0.2022,32
18046,0.1261,42
17984,0.0776,37
21684,0.2086,39
27129,0.2672,38
18469,0.2760,43
14252,0.2167,42
30347,0.5267,40
19498,0.1588,29
12062,0.0790,34
19716,0.1392,41
16126,0.0744,39
14012,0.1012,47
20255,0.3483,42
14565,0.3885,43
15123,0.4041,49
26363,0.0692,49
16335,0.2455,34
16796,0.1886,28
16331,0.2118,43
22592,0.0877,36
18050,0.2160,48
20183,0.3099,50
21754,0.0343,52
25096,0.4329,38
17130,0.1262,23
15775,0.1354,35
14424,0.1979,44
22425,0.3252,36
23266,0.1876,26
15533,0.4164,42
19488,0.3152,48
23425,0.0592,48
20336,0.1678,41
15052,0.1851,37
15616,0.5201,49
21927,0.2753,36
29552,0.4191,46
15662,0.6543,64
11826,0.4834,50
16310,0.3849,46
23013,0.0044,51
21446,0.1564,43
19270,0.3793,32
16377,0.0758,46
13152,0.0924,49
21499,0.0199,30
12908,0.0156,37
14912,0.2436,36
12224,0.1176,47
24052,0.5007,37
14556,0.0782,29
21025,0.1240,43
22634,0.1930,36
14617,0.2346,45
26772,0.6181,38
14028,0.0879,50
21128,0.0609,30
14461,0.0819,48
21921,0.4812,58
11148,0.2079,34
27589,0.0979,55
14360,0.4453,38
24694,0.2187,50
19557,0.2341,36
14115,0.2772,28
21078,0.2767,46
13912,0.3428,37
12554,0.3960,31
23174,0.1992,27
11980,0.2631,38
16360,0.2989,23
16416,0.0972,38
25297,0.3118,44
18167,0.5097,43
10036,0.1296,47
25219,0.1315,48
17186,0.5659,43
16683,0.0552,39
30588,0.2891,31
20629,0.1465,37
20101,0.0977,51
26176,0.3052,31
16091,0.1101,41
19539,0.3667,45
22992,0.0714,33
16801,0.0861,51
16505,0.3692,40
21498,0.4599,43
22150,0.2600,56
14851,0.3111,40
19241,0.2110,31
20949,0.3159,39
20015,0.1982,26
16659,0.2768,40
19221,0.0344,44
17273,0.0658,54
18953,0.2356,34
13581,0.2719,33
19814,0.0733,45
22767,0.1967,43
20784,0.4409,40
20129,0.2213,37
34277,0.4855,46
14477,0.2652,38
24822,0.0421,39
13743,0.2308,50
18997,0.1871,47
19244,0.1946,49
16290,0.1376,33
17142,0.1437,34
18847,0.3090,39
14092,0.2841,52
20766,0.3458,41
15399,0.2923,39
20038,0.1784,44
20383,0.2278,36
24971,0.2387,42
19611,0.2968,52
13515,0.0780,44
17453,0.3012,45
18141,0.2777,44
16091,0.3684,30
23508,0.3366,43
22567,0.2224,41
8684,0.0939,27
13149,0.2658,32
21569,0.1275,35
20819,0.1039,39
24264,0.2076,40
11320,0.3172,37
14925,0.4698,52
11570,0.1497,41
18308,0.1769,46
19739,0.1504,41
18793,0.1519,31
19436,0.3008,32
13758,0.4474,52
16133,0.6004,29
16241,0.2429,35
14593,0.7894,34
19083,0.1957,42
12460,0.1399,38
16951,0.2557,48
18874,0.1214,36
17560,0.2498,41
18806,0.3378,49
971,0.1333,43
19760,0.0518,32
15996,0.5101,59
17513,0.0712,35
12709,0.1689,50
20141,0.1409,27
20296,0.3344,40
14332,0.3645,45
15539,0.0616,45
17731,0.4952,30
14871,0.0249,47
6000,0.1603,35
29502,0.2934,55
17147,0.2292,35
20825,0.2772,40
10213,0.4816,29
25184,0.3006,50
15294,0.2929,44
14209,0.3010,34
17673,0.4050,33
28624,0.1652,57
26690,0.2932,34
17959,0.2850,55
23695,0.5002,45
23262,0.1984,29
16470,0.0281,43
20343,0.1818,43
31362,0.0783,50
20426,0.2575,51
15229,0.4010,35
16060,0.1167,32
25666,0.4341,40
22284,0.2382,49
6091,0.2480,39
15793,0.1361,56
22528,0.3960,37
14450,0.2749,43
16238,0.2300,35
22177,0.4446,26
22039,0.1670,44
27795,0.0384,28
13748,0.1493,42
23008,0.3904,40
23089,0.2800,44
19212,0.0794,47
21610,0.3816,50
16963,0.2680,26
27995,0.0364,34
24755,0.2698,49
19475,0.1904,43
16568,0.1292,41
19389,0.1330,37
17372,0.0839,41
21409,0.1464,48
22971,0.1305,42
15248,0.3247,48
14677,0.4174,44
13338,0.4086,41
23671,0.3517,44
14988,0.1876,45
23100,0.3286,40
15124,0.3525,45
9672,0.1056,39
21235,0.2864,34
20186,0.1260,34
25958,0.0528,45
17316,0.3250,39
19710,0.3325,38
12929,0.0713,43
25074,0.4803,50
13430,0.3632,58
8688,0.1000,37
13570,0.3384,43
11380,0.1360,49
